Topic,ID,Start Time,File Size (MB),File Count,Total Views,Total Downloads,Last Accessed,Auto Delete Status,Auto Delete Date
Tuhfa Reading,893 556 039,"Sep 4, 2025 10:01:51 AM",143.5327,3,2,6,"Sep 11, 2025 06:37:46 AM",false,
Tuhfa Reading,893 556 039,"Aug 28, 2025 10:00:39 AM",176.2428,3,0,5,"Sep 11, 2025 06:37:46 AM",false,
Tuhfa Reading,893 556 039,"Aug 21, 2025 08:32:32 AM",111.8944,3,2,6,"Sep 11, 2025 06:37:47 AM",false,
Tuhfa Reading,893 556 039,"Aug 19, 2025 08:31:26 AM",14.8927,2,0,0,,false,
Tuhfa Reading,893 556 039,"Aug 14, 2025 10:01:58 AM",86.6631,3,0,6,"Sep 11, 2025 06:37:47 AM",false,
Tuhfa Reading,893 556 039,"Aug 7, 2025 10:00:49 AM",139.1370,3,0,0,,false,
Tuhfa Reading,893 556 039,"Jul 31, 2025 09:59:43 AM",142.7576,3,0,3,"Aug 8, 2025 07:05:20 PM",false,
Tuhfa Reading,893 556 039,"Jul 24, 2025 10:00:26 AM",180.5095,4,2,5,"Aug 21, 2025 02:34:25 PM",false,
Tuhfa Reading,893 556 039,"Jul 17, 2025 10:00:15 AM",155.1420,3,0,3,"Aug 21, 2025 02:33:55 PM",false,
Tuhfa Reading,893 556 039,"Jul 10, 2025 10:00:17 AM",119.7381,3,0,1,"Jul 17, 2025 07:48:19 AM",false,
Tuhfa Reading,893 556 039,"Jul 3, 2025 10:00:21 AM",124.0337,3,1,3,"Sep 10, 2025 06:44:27 AM",false,
Tuhfa Reading,893 556 039,"Jun 26, 2025 10:00:27 AM",194.6352,3,0,2,"Sep 10, 2025 06:45:25 AM",false,
Tuhfa Reading,893 556 039,"Jun 19, 2025 09:58:14 AM",172.1980,4,0,2,"Sep 10, 2025 06:45:18 AM",false,
Tuhfa Reading,893 556 039,"Jun 12, 2025 10:04:29 AM",166.2206,3,0,2,"Sep 10, 2025 06:45:12 AM",false,
Tuhfa Reading,893 556 039,"May 29, 2025 10:01:07 AM",115.0158,4,0,2,"Sep 10, 2025 06:45:04 AM",false,
Tuhfa Reading,893 556 039,"May 22, 2025 09:59:30 AM",139.3875,3,1,1,"Jul 18, 2025 02:20:24 PM",false,
Tuhfa Reading,893 556 039,"May 15, 2025 10:00:33 AM",159.4244,3,7,2,"Jul 18, 2025 02:20:21 PM",false,
Tuhfa Reading,893 556 039,"May 8, 2025 10:02:32 AM",160.4935,3,3,2,"Jul 18, 2025 02:20:17 PM",false,
Tuhfa Reading,893 556 039,"Apr 24, 2025 10:01:03 AM",134.4531,3,4,1,"Jul 18, 2025 02:20:13 PM",false,
Tuhfa Reading,893 556 039,"Apr 17, 2025 10:00:52 AM",135.7686,4,5,1,"Jul 18, 2025 02:20:08 PM",false,
Tuhfa Reading,893 556 039,"Apr 3, 2025 10:01:02 AM",190.6593,3,4,0,"Apr 17, 2025 11:21:04 AM",false,
Tuhfa Reading,893 556 039,"Feb 27, 2025 09:00:25 AM",170.7835,3,0,0,,false,
Tuhfa Reading,893 556 039,"Feb 20, 2025 08:57:26 AM",145.8857,3,0,0,,false,
Tuhfa Reading,893 556 039,"Jan 9, 2025 09:00:27 AM",126.7592,3,0,0,,false,
Tuhfa Reading,893 556 039,"Jan 2, 2025 08:59:34 AM",129.8914,3,0,0,,false,
Tuhfa Reading,893 556 039,"Dec 26, 2024 09:00:25 AM",100.2861,3,0,0,,false,
Tuhfa Reading,893 556 039,"Dec 19, 2024 09:00:26 AM",134.8295,3,0,0,,false,
Tuhfa Reading,893 556 039,"Dec 12, 2024 09:01:27 AM",128.3299,3,0,0,,false,
Tuhfa Reading,893 556 039,"Nov 28, 2024 09:00:20 AM",0.3123,2,0,0,,false,
Tuhfa Reading,893 556 039,"Nov 14, 2024 09:00:25 AM",117.8068,4,0,1,"Nov 28, 2024 09:55:16 AM",false,
Tuhfa Reading,893 556 039,"Nov 7, 2024 09:00:11 AM",178.0355,3,0,1,"Nov 28, 2024 09:55:12 AM",false,
Tuhfa Reading,893 556 039,"Oct 31, 2024 09:59:53 AM",191.2850,4,0,1,"Nov 28, 2024 09:55:07 AM",false,
Tuhfa Reading,893 556 039,"Oct 24, 2024 09:59:18 AM",1.9803,3,0,1,"Nov 28, 2024 09:55:01 AM",false,
Tuhfa Reading,893 556 039,"Oct 17, 2024 10:00:09 AM",172.0032,3,0,1,"Nov 28, 2024 09:54:57 AM",false,
Tuhfa Reading,893 556 039,"Oct 10, 2024 10:00:12 AM",82.9440,3,0,2,"Nov 28, 2024 09:54:52 AM",false,
Tuhfa Reading,893 556 039,"Oct 3, 2024 10:00:16 AM",112.7117,3,0,1,"Nov 28, 2024 09:54:49 AM",false,
Tuhfa Reading,893 556 039,"Sep 26, 2024 09:59:27 AM",0.2176,2,0,1,"Nov 28, 2024 09:54:43 AM",false,
Tuhfa Reading,893 556 039,"Sep 12, 2024 09:58:21 AM",136.9488,3,0,1,"Nov 28, 2024 09:54:38 AM",false,
Tuhfa Reading,893 556 039,"Sep 5, 2024 10:00:25 AM",137.0698,3,0,1,"Nov 28, 2024 09:54:34 AM",false,
Tuhfa Reading,893 556 039,"Aug 29, 2024 09:52:57 AM",100.5700,3,0,4,"Nov 28, 2024 09:54:30 AM",false,
Tuhfa Reading,893 556 039,"Aug 22, 2024 10:00:28 AM",0.2281,2,0,1,"Nov 28, 2024 09:54:26 AM",false,
Tuhfa Reading,893 556 039,"Aug 8, 2024 10:00:18 AM",162.1034,4,5,3,"Nov 28, 2024 09:54:22 AM",false,
Tuhfa Reading,893 556 039,"Aug 1, 2024 09:58:20 AM",161.0946,4,4,2,"Aug 16, 2024 12:34:07 PM",false,
Tuhfa Reading,893 556 039,"Jul 25, 2024 10:00:22 AM",96.6952,3,0,1,"Aug 15, 2024 01:43:00 PM",false,
Tuhfa Reading,893 556 039,"Jul 18, 2024 10:00:23 AM",149.4381,3,0,1,"Aug 15, 2024 01:42:56 PM",false,
Tuhfa Reading,893 556 039,"Jul 11, 2024 09:59:48 AM",111.9059,3,0,2,"Jul 16, 2024 11:54:55 AM",false,
Tuhfa Reading,893 556 039,"Jul 4, 2024 09:59:39 AM",159.8157,3,0,2,"Jul 16, 2024 11:54:52 AM",false,
Tuhfa Reading,893 556 039,"Jun 27, 2024 10:00:26 AM",129.3636,3,0,1,"Jul 16, 2024 11:54:48 AM",false,
Tuhfa Reading,893 556 039,"Jun 20, 2024 10:02:59 AM",148.0509,4,0,1,"Jul 16, 2024 11:54:44 AM",false,
Tuhfa Reading,893 556 039,"Jun 6, 2024 09:57:41 AM",148.7989,3,0,5,"Jul 16, 2024 11:54:40 AM",false,
Tuhfa Reading,893 556 039,"May 30, 2024 09:56:59 AM",135.7705,2,0,1,"Jun 7, 2024 08:32:58 AM",false,
Tuhfa Reading,893 556 039,"May 23, 2024 09:57:23 AM",117.7084,2,1,1,"Jun 7, 2024 08:32:56 AM",false,
Tuhfa Reading,893 556 039,"May 16, 2024 09:57:57 AM",124.0523,2,0,1,"Jun 7, 2024 08:32:52 AM",false,
Tuhfa Reading,893 556 039,"May 9, 2024 10:02:34 AM",106.4340,2,0,1,"May 9, 2024 03:12:13 PM",false,
Tuhfa Reading,893 556 039,"May 2, 2024 09:58:01 AM",158.4151,2,1,1,"May 9, 2024 03:12:09 PM",false,
Tuhfa Reading,893 556 039,"Apr 25, 2024 09:58:24 AM",126.0883,2,0,1,"May 9, 2024 03:12:05 PM",false,
Tuhfa Reading,893 556 039,"Mar 28, 2024 05:59:52 AM",151.0716,2,0,1,"Apr 23, 2024 08:29:17 AM",false,
Tuhfa Reading,893 556 039,"Mar 21, 2024 06:00:57 AM",115.7793,2,0,1,"Apr 23, 2024 08:29:13 AM",false,
Tuhfa Reading,893 556 039,"Mar 14, 2024 06:03:02 AM",127.1559,2,0,2,"Apr 23, 2024 08:29:10 AM",false,
Tuhfa Reading,893 556 039,"Mar 7, 2024 08:59:20 AM",117.9052,2,0,1,"Apr 23, 2024 08:29:07 AM",false,
Tuhfa Reading,893 556 039,"Feb 29, 2024 08:59:31 AM",126.8561,2,0,2,"Apr 23, 2024 08:29:03 AM",false,
Tuhfa Reading,893 556 039,"Feb 22, 2024 08:59:18 AM",179.8231,2,0,1,"Apr 23, 2024 08:28:59 AM",false,
Tuhfa Reading,893 556 039,"Feb 8, 2024 09:01:37 AM",155.3360,2,0,1,"Apr 23, 2024 08:28:55 AM",false,
Tuhfa Reading,893 556 039,"Feb 1, 2024 09:00:00 AM",125.0172,2,0,3,"Feb 9, 2024 05:33:05 PM",false,
Tuhfa Reading,893 556 039,"Jan 25, 2024 09:02:05 AM",128.2717,2,3,3,"Feb 6, 2024 09:44:06 AM",false,
Tuhfa Reading,893 556 039,"Jan 18, 2024 08:56:20 AM",0.2364,2,0,1,"Feb 6, 2024 09:44:10 AM",false,
Tuhfa Reading,893 556 039,"Jan 11, 2024 08:59:12 AM",116.4046,2,0,2,"Jan 19, 2024 06:00:07 PM",false,
Tuhfa Reading,893 556 039,"Jan 4, 2024 09:07:39 AM",180.2772,2,0,2,"Jan 17, 2024 10:48:45 AM",false,
Tuhfa Reading,893 556 039,"Dec 28, 2023 09:02:34 AM",127.6080,2,0,4,"Jan 16, 2024 06:28:42 PM",false,
Tuhfa Reading,893 556 039,"Dec 21, 2023 08:59:32 AM",97.2973,2,1,2,"Jan 11, 2024 07:49:27 AM",false,
Tuhfa Reading,893 556 039,"Dec 14, 2023 08:59:42 AM",176.6306,3,0,3,"Dec 28, 2023 07:22:04 AM",false,
Tuhfa Reading,893 556 039,"Dec 7, 2023 08:59:27 AM",178.2501,3,0,2,"Dec 8, 2023 12:56:39 PM",false,
Tuhfa Reading,893 556 039,"Nov 23, 2023 03:00:42 AM",133.6363,3,0,3,"Dec 19, 2023 05:29:24 AM",false,
Tuhfa Reading,893 556 039,"Nov 9, 2023 03:03:51 AM",174.4250,3,1,2,"Dec 7, 2023 01:18:37 PM",false,
Tuhfa Reading,893 556 039,"Nov 2, 2023 04:01:31 AM",151.1170,2,0,1,"Dec 7, 2023 01:17:07 PM",false,
Tuhfa Reading,893 556 039,"Oct 26, 2023 03:58:35 AM",155.9970,3,0,2,"Oct 30, 2023 11:32:08 AM",false,
Tuhfa Reading,893 556 039,"Oct 19, 2023 04:00:24 AM",156.9940,2,0,1,"Oct 30, 2023 11:32:03 AM",false,
Tuhfa Reading,893 556 039,"Oct 12, 2023 05:01:34 AM",142.3174,2,0,2,"Oct 13, 2023 02:57:21 PM",false,
Tuhfa Reading,893 556 039,"Oct 4, 2023 08:00:07 PM",170.4874,2,0,2,"Oct 12, 2023 05:09:38 AM",false,
Tuhfa Reading,893 556 039,"Sep 27, 2023 08:01:09 PM",138.9766,3,0,2,"Oct 12, 2023 05:09:34 AM",false,
Tuhfa Reading,893 556 039,"Sep 20, 2023 08:00:53 PM",153.3679,2,0,2,"Oct 12, 2023 05:09:30 AM",false,
Tuhfa Reading,893 556 039,"Sep 6, 2023 08:00:23 PM",175.6314,2,11,3,"Oct 7, 2023 07:46:08 PM",false,
Tuhfa Reading,893 556 039,"Aug 30, 2023 07:59:49 PM",137.4723,2,0,2,"Sep 13, 2023 11:25:23 AM",false,
Tuhfa Reading,893 556 039,"Aug 23, 2023 07:59:41 PM",143.6212,2,0,4,"Sep 13, 2023 11:25:16 AM",false,
Tuhfa Reading,893 556 039,"Aug 16, 2023 07:58:49 PM",161.4495,2,0,3,"Aug 22, 2023 10:19:08 AM",false,
Tuhfa Reading,893 556 039,"Aug 9, 2023 07:58:48 PM",128.4472,2,0,1,"Aug 20, 2023 12:36:08 PM",false,
Tuhfa Reading,893 556 039,"Aug 2, 2023 07:59:11 PM",183.8450,3,0,2,"Aug 20, 2023 12:36:03 PM",false,
Tuhfa Reading,893 556 039,"Jul 26, 2023 08:03:01 PM",136.6934,3,5,1,"Aug 20, 2023 12:36:00 PM",false,
Tuhfa Reading,893 556 039,"Jul 19, 2023 08:00:17 PM",146.3057,3,0,1,"Aug 20, 2023 12:35:57 PM",false,
Tuhfa Reading,893 556 039,"Jul 12, 2023 07:59:39 PM",156.8465,3,2,1,"Aug 20, 2023 12:35:54 PM",false,
Tuhfa Reading,893 556 039,"Jul 5, 2023 08:01:16 PM",161.2002,2,0,1,"Aug 20, 2023 12:35:49 PM",false,
Tuhfa Reading,893 556 039,"Jun 21, 2023 08:57:37 PM",149.3181,2,0,1,"Aug 20, 2023 12:35:45 PM",false,
Tuhfa Reading,893 556 039,"Jun 14, 2023 09:00:07 PM",208.1136,2,0,1,"Aug 20, 2023 12:35:42 PM",false,
Tuhfa Reading,893 556 039,"Jun 7, 2023 08:58:53 PM",0.2906,2,0,0,,false,
Tuhfa Reading,893 556 039,"May 31, 2023 09:00:21 PM",158.4656,3,3,3,"Jun 16, 2023 05:55:45 AM",false,
Tuhfa Reading,893 556 039,"May 24, 2023 08:59:56 PM",121.2701,2,0,1,"Jun 4, 2023 09:55:09 AM",false,
Tuhfa Reading,893 556 039,"May 17, 2023 09:00:02 PM",142.5125,3,1,2,"May 27, 2023 11:58:32 AM",false,
Tuhfa Reading,893 556 039,"May 10, 2023 08:58:59 PM",157.6185,2,0,5,"May 20, 2023 06:51:32 PM",false,
Tuhfa Reading,893 556 039,"May 3, 2023 09:01:03 PM",123.2632,2,1,2,"May 20, 2023 06:52:59 PM",false,
Tuhfa Reading,893 556 039,"Apr 26, 2023 08:59:48 PM",138.9851,2,0,1,"May 18, 2023 08:45:37 AM",false,
Tuhfa Reading,893 556 039,"Apr 13, 2023 05:58:41 AM",167.3685,2,0,1,"May 18, 2023 08:45:34 AM",false,
Tuhfa Reading,893 556 039,"Apr 6, 2023 05:59:25 AM",155.1583,2,1,4,"Apr 12, 2023 12:14:53 AM",false,
Tuhfa Reading,893 556 039,"Mar 30, 2023 06:00:54 AM",142.5648,2,3,6,"Apr 9, 2023 11:06:38 AM",false,
Tuhfa Reading,893 556 039,"Mar 23, 2023 06:01:39 AM",111.1814,2,1,6,"Apr 9, 2023 11:06:40 AM",false,
Tuhfa Reading,893 556 039,"Mar 15, 2023 09:01:34 PM",140.5935,2,0,7,"Apr 9, 2023 11:06:42 AM",false,
Tuhfa Reading,893 556 039,"Mar 8, 2023 05:37:55 PM",0.2462,2,0,3,"Apr 9, 2023 11:06:43 AM",false,
Tuhfa Reading,893 556 039,"Feb 22, 2023 08:02:53 PM",147.0576,3,0,5,"Apr 9, 2023 11:06:45 AM",false,
Tuhfa Reading,893 556 039,"Feb 15, 2023 07:59:49 PM",141.1043,2,0,5,"Apr 9, 2023 11:06:46 AM",false,
Tuhfa Reading,893 556 039,"Feb 8, 2023 08:00:25 PM",121.6912,2,0,5,"Apr 9, 2023 11:06:47 AM",false,
Tuhfa Reading,893 556 039,"Jan 31, 2023 08:00:08 PM",202.3302,3,0,7,"Apr 9, 2023 11:06:50 AM",false,
Tuhfa Reading,893 556 039,"Jan 25, 2023 08:00:21 PM",189.4408,2,0,6,"Apr 9, 2023 11:06:52 AM",false,
Tuhfa Reading,893 556 039,"Jan 22, 2023 08:44:21 AM",0.1711,2,0,5,"Apr 9, 2023 11:06:53 AM",false,
Tuhfa Reading,893 556 039,"Jan 18, 2023 08:01:02 PM",172.6654,3,0,6,"Apr 9, 2023 11:06:59 AM",false,
Tuhfa Reading,893 556 039,"Jan 11, 2023 08:01:20 PM",215.4274,2,2,5,"Apr 9, 2023 11:07:00 AM",false,
Tuhfa Reading,893 556 039,"Jan 4, 2023 07:58:09 PM",177.7310,3,0,6,"Apr 9, 2023 11:07:03 AM",false,
Tuhfa Reading,893 556 039,"Nov 16, 2022 06:58:23 PM",195.3132,2,0,6,"Apr 9, 2023 11:07:07 AM",false,
Tuhfa Reading,893 556 039,"Nov 9, 2022 07:00:11 PM",176.7727,2,0,5,"Apr 9, 2023 11:06:05 AM",false,
Tuhfa Reading,893 556 039,"Nov 2, 2022 08:01:20 PM",109.0263,2,0,4,"Apr 9, 2023 11:06:06 AM",false,
Tuhfa Reading,893 556 039,"Oct 26, 2022 08:00:02 PM",224.0540,2,0,6,"Apr 9, 2023 11:06:07 AM",false,
Tuhfa Reading,893 556 039,"Oct 19, 2022 07:58:28 PM",126.0936,2,0,4,"Apr 9, 2023 11:06:10 AM",false,
Tuhfa Reading,893 556 039,"Oct 5, 2022 08:02:05 PM",153.5912,2,0,5,"Apr 9, 2023 11:06:11 AM",false,
Tuhfa Reading,893 556 039,"Sep 21, 2022 08:00:44 PM",82.2481,2,0,6,"Apr 9, 2023 11:06:13 AM",false,
Tuhfa Reading,893 556 039,"Sep 14, 2022 08:00:36 PM",172.8046,2,0,4,"Apr 9, 2023 11:06:14 AM",false,
Tuhfa Reading,893 556 039,"Sep 7, 2022 07:58:57 PM",170.4933,3,0,4,"Apr 9, 2023 11:06:16 AM",false,
Tuhfa Reading,893 556 039,"Aug 31, 2022 07:57:03 PM",219.1599,3,0,5,"Apr 9, 2023 11:06:18 AM",false,
Tuhfa Reading,893 556 039,"Aug 24, 2022 08:01:06 PM",0.2919,2,0,2,"Apr 9, 2023 11:06:20 AM",false,
Tuhfa Reading,893 556 039,"Aug 17, 2022 08:00:15 PM",158.4099,3,8,4,"Apr 9, 2023 11:06:21 AM",false,
Tuhfa Reading,893 556 039,"Aug 10, 2022 08:00:59 PM",164.6110,2,1,4,"Apr 9, 2023 11:06:23 AM",false,
Tuhfa Reading,893 556 039,"Aug 3, 2022 08:00:57 PM",184.4958,2,0,5,"Apr 9, 2023 11:06:24 AM",false,
Tuhfa Reading,893 556 039,"Jul 27, 2022 08:00:52 PM",168.4497,2,0,4,"Apr 9, 2023 11:06:26 AM",false,
Tuhfa Reading,893 556 039,"Jul 20, 2022 08:00:59 PM",141.9993,2,0,4,"Apr 9, 2023 11:06:28 AM",false,
Tuhfa Reading,893 556 039,"Jul 13, 2022 08:01:42 PM",149.9749,2,2,4,"Apr 9, 2023 11:05:29 AM",false,
Tuhfa Reading,893 556 039,"Jun 29, 2022 08:02:18 PM",180.3720,2,0,6,"Apr 9, 2023 11:05:30 AM",false,
Tuhfa Reading,893 556 039,"Jun 22, 2022 07:59:49 PM",178.2987,2,0,4,"Apr 9, 2023 11:05:32 AM",false,
Tuhfa Reading,893 556 039,"Jun 15, 2022 07:59:56 PM",190.6999,2,0,5,"Apr 9, 2023 11:05:33 AM",false,
Tuhfa Reading,893 556 039,"Jun 1, 2022 07:59:59 PM",210.8673,2,1,7,"Apr 9, 2023 11:05:34 AM",false,
Tuhfa Reading,893 556 039,"May 25, 2022 08:01:17 PM",148.2562,2,0,5,"Apr 9, 2023 11:05:36 AM",false,
Tuhfa Reading,893 556 039,"May 18, 2022 08:00:40 PM",216.4270,2,0,4,"Apr 9, 2023 11:05:38 AM",false,
Tuhfa Reading,893 556 039,"Apr 7, 2022 05:30:03 AM",130.1245,3,1,6,"Apr 9, 2023 11:05:41 AM",false,
Tuhfa Reading,893 556 039,"Mar 30, 2022 08:58:03 PM",169.9255,2,0,4,"Apr 9, 2023 11:05:43 AM",false,
Tuhfa Reading,893 556 039,"Mar 23, 2022 08:58:24 PM",154.5635,2,0,4,"Apr 9, 2023 11:05:45 AM",false,
Tuhfa Reading,893 556 039,"Mar 16, 2022 09:00:36 PM",190.8900,2,0,4,"Apr 9, 2023 11:05:47 AM",false,
Tuhfa Reading,893 556 039,"Mar 2, 2022 07:59:51 PM",155.4536,2,0,4,"Apr 9, 2023 11:05:49 AM",false,
Tuhfa Reading,893 556 039,"Feb 23, 2022 05:56:44 PM",206.4302,3,0,6,"Apr 9, 2023 11:05:51 AM",false,
Tuhfa Reading,893 556 039,"Feb 16, 2022 07:58:33 PM",170.5741,2,0,5,"Apr 9, 2023 11:05:56 AM",false,
Tuhfa Reading,893 556 039,"Feb 9, 2022 07:59:56 PM",63.3288,3,0,4,"Apr 9, 2023 11:05:58 AM",false,
Tuhfa Reading,893 556 039,"Feb 2, 2022 07:58:55 PM",177.8262,3,0,6,"Apr 9, 2023 11:02:09 AM",false,
Tuhfa Reading,893 556 039,"Jan 26, 2022 07:59:46 PM",172.3379,3,0,5,"Apr 9, 2023 11:02:10 AM",false,
Tuhfa Reading,893 556 039,"Jan 19, 2022 07:59:22 PM",165.8187,2,0,5,"Apr 9, 2023 11:02:11 AM",false,
Tuhfa Reading,893 556 039,"Jan 19, 2022 07:59:12 PM",0.1368,2,0,2,"Apr 9, 2023 11:02:12 AM",false,
Tuhfa Reading,893 556 039,"Jan 12, 2022 07:59:26 PM",145.7207,2,0,4,"Apr 9, 2023 11:02:14 AM",false,
Tuhfa Reading,893 556 039,"Jan 5, 2022 07:51:02 PM",173.7781,3,0,5,"Apr 9, 2023 11:02:15 AM",false,
Tuhfa Reading,893 556 039,"Dec 31, 2021 07:59:37 PM",0.2890,2,0,2,"Apr 9, 2023 11:02:16 AM",false,
Tuhfa Reading,893 556 039,"Dec 29, 2021 08:01:34 PM",227.6918,3,0,5,"Apr 9, 2023 11:02:18 AM",false,
Tuhfa Reading,893 556 039,"Dec 22, 2021 08:00:11 PM",122.6925,3,0,4,"Apr 9, 2023 11:02:19 AM",false,
Tuhfa Reading,893 556 039,"Dec 15, 2021 07:59:48 PM",186.8812,3,0,4,"Apr 9, 2023 11:02:21 AM",false,
Tuhfa Reading,893 556 039,"Dec 8, 2021 07:58:43 PM",197.4594,3,0,5,"Apr 9, 2023 11:02:22 AM",false,
Tuhfa Reading,893 556 039,"Dec 1, 2021 07:57:52 PM",64.1685,3,0,4,"Apr 9, 2023 11:02:24 AM",false,
Tuhfa Reading,893 556 039,"Nov 24, 2021 08:01:34 PM",187.6381,3,0,5,"Apr 9, 2023 11:02:26 AM",false,
Tuhfa Reading,893 556 039,"Nov 17, 2021 07:00:27 PM",216.1733,3,0,5,"Apr 9, 2023 11:02:28 AM",false,
Tuhfa Reading,893 556 039,"Nov 10, 2021 06:59:45 PM",85.6570,3,0,4,"Apr 9, 2023 11:02:29 AM",false,
Tuhfa Reading,893 556 039,"Nov 3, 2021 07:58:38 PM",220.4015,3,0,5,"Apr 9, 2023 11:01:41 AM",false,
Tuhfa Reading,893 556 039,"Oct 27, 2021 08:00:22 PM",190.1746,3,0,5,"Apr 9, 2023 11:01:42 AM",false,
Tuhfa Reading,893 556 039,"Oct 20, 2021 08:01:01 PM",187.1779,2,0,5,"Apr 9, 2023 11:01:44 AM",false,
Tuhfa Reading,893 556 039,"Oct 13, 2021 08:02:22 PM",228.4745,3,0,4,"Apr 9, 2023 11:01:45 AM",false,
Tuhfa Reading,893 556 039,"Oct 6, 2021 08:00:34 PM",234.5473,3,0,5,"Apr 9, 2023 11:01:46 AM",false,
Tuhfa Reading,893 556 039,"Sep 22, 2021 07:59:27 PM",102.5002,3,0,5,"Apr 9, 2023 11:01:48 AM",false,
Tuhfa Reading,893 556 039,"Sep 15, 2021 08:00:38 PM",172.2987,3,0,5,"Apr 9, 2023 11:01:50 AM",false,
Tuhfa Reading,893 556 039,"Sep 8, 2021 08:01:23 PM",135.0773,3,0,4,"Apr 9, 2023 11:01:51 AM",false,
Tuhfa Reading,893 556 039,"Sep 1, 2021 08:00:36 PM",144.8536,3,0,5,"Apr 9, 2023 11:01:52 AM",false,
Tuhfa Reading,893 556 039,"Aug 25, 2021 08:00:43 PM",210.7862,3,0,5,"Apr 9, 2023 11:01:54 AM",false,
Tuhfa Reading,893 556 039,"Aug 18, 2021 07:58:47 PM",198.9466,2,1,5,"Apr 9, 2023 11:01:55 AM",false,
Tuhfa Reading,893 556 039,"Aug 11, 2021 07:59:47 PM",0.4184,2,0,1,"Apr 9, 2023 11:01:57 AM",false,
Tuhfa Reading,893 556 039,"Aug 4, 2021 08:00:13 PM",0.2685,2,0,1,"Apr 9, 2023 11:01:59 AM",false,
Tuhfa Reading,893 556 039,"Jul 28, 2021 08:02:28 PM",12.8478,2,0,3,"Apr 9, 2023 11:02:00 AM",false,
Tuhfa Reading,893 556 039,"Jul 21, 2021 07:59:21 PM",114.7284,2,0,4,"Apr 9, 2023 11:02:02 AM",false,
Tuhfa Reading,893 556 039,"Jul 14, 2021 08:01:42 PM",132.4765,2,0,5,"Apr 9, 2023 11:01:08 AM",false,
Tuhfa Reading,893 556 039,"Jul 7, 2021 07:58:16 PM",0.2230,2,0,1,"Apr 9, 2023 11:01:10 AM",false,
Tuhfa Reading,893 556 039,"Jun 30, 2021 08:00:01 PM",50.2774,3,0,6,"Apr 9, 2023 11:01:11 AM",false,
Tuhfa Reading,893 556 039,"Jun 23, 2021 08:00:30 PM",7.7304,3,0,1,"Apr 9, 2023 11:01:13 AM",false,
Tuhfa Reading,893 556 039,"Jun 16, 2021 07:57:42 PM",187.7855,3,0,5,"Apr 9, 2023 11:01:14 AM",false,
Tuhfa Reading,893 556 039,"Jun 9, 2021 07:58:43 PM",0.1282,2,0,1,"Apr 9, 2023 11:01:15 AM",false,
Tuhfa Reading,893 556 039,"Jun 2, 2021 07:57:06 PM",171.2832,3,0,4,"Apr 9, 2023 11:01:17 AM",false,
Tuhfa Reading,893 556 039,"May 26, 2021 08:01:14 PM",232.3264,3,0,4,"Apr 9, 2023 11:01:19 AM",false,
Tuhfa Reading,893 556 039,"May 19, 2021 07:58:07 PM",0.0721,2,0,1,"Apr 9, 2023 11:01:21 AM",false,
Tuhfa Reading,893 556 039,"Apr 29, 2021 04:59:19 AM",166.5564,2,0,5,"Apr 9, 2023 11:01:22 AM",false,
Tuhfa Reading,893 556 039,"Apr 22, 2021 05:00:14 AM",157.8695,2,0,5,"Apr 9, 2023 11:01:23 AM",false,
Tuhfa Reading,893 556 039,"Apr 15, 2021 04:58:51 AM",149.8274,3,0,5,"Apr 9, 2023 11:01:25 AM",false,
Tuhfa Reading,893 556 039,"Apr 7, 2021 07:59:01 PM",112.2908,2,0,4,"Apr 9, 2023 11:01:27 AM",false,
Tuhfa Reading,893 556 039,"Mar 31, 2021 07:57:08 PM",154.5328,3,0,4,"Apr 9, 2023 11:01:29 AM",false,
Tuhfa Reading,893 556 039,"Mar 24, 2021 07:59:04 PM",199.5259,2,0,6,"Apr 9, 2023 11:01:31 AM",false,
Tuhfa Reading,893 556 039,"Mar 17, 2021 07:59:52 PM",193.8343,2,0,4,"Apr 9, 2023 11:00:26 AM",false,
Tuhfa Reading,893 556 039,"Mar 10, 2021 06:58:02 PM",148.3486,3,0,4,"Apr 9, 2023 11:00:27 AM",false,
Tuhfa Reading,893 556 039,"Mar 3, 2021 06:59:28 PM",232.8085,3,0,4,"Apr 9, 2023 11:00:29 AM",false,
Tuhfa Reading,893 556 039,"Feb 24, 2021 06:57:33 PM",172.1795,3,0,4,"Apr 9, 2023 11:00:31 AM",false,
Tuhfa Reading,893 556 039,"Feb 17, 2021 07:00:09 PM",0.3535,2,0,2,"Apr 9, 2023 11:00:33 AM",false,
Tuhfa Reading,893 556 039,"Feb 10, 2021 07:00:34 PM",211.5518,2,0,4,"Apr 9, 2023 11:00:35 AM",false,
Tuhfa Reading,893 556 039,"Feb 3, 2021 07:00:44 PM",199.4736,2,0,5,"Apr 9, 2023 11:00:37 AM",false,
Tuhfa Reading,893 556 039,"Jan 27, 2021 07:00:01 PM",106.8320,2,0,5,"Apr 9, 2023 11:00:38 AM",false,
Tuhfa Reading,893 556 039,"Jan 20, 2021 07:02:17 PM",152.2306,2,0,5,"Apr 9, 2023 11:00:40 AM",false,
Tuhfa Reading,893 556 039,"Jan 13, 2021 06:58:14 PM",0.0270,1,0,1,"Apr 9, 2023 11:00:43 AM",false,
Tuhfa Reading,893 556 039,"Jan 6, 2021 06:56:47 PM",118.6326,2,0,6,"Apr 9, 2023 11:00:48 AM",false,
Tuhfa Reading,893 556 039,"Dec 30, 2020 06:59:59 PM",150.0641,2,0,6,"Apr 9, 2023 11:00:53 AM",false,
Tuhfa Reading,893 556 039,"Dec 23, 2020 06:59:10 PM",121.0239,2,0,5,"Apr 9, 2023 11:00:55 AM",false,
Tuhfa Reading,893 556 039,"Dec 16, 2020 06:58:55 PM",154.5093,2,0,5,"Apr 9, 2023 11:00:56 AM",false,
Tuhfa Reading,893 556 039,"Dec 9, 2020 06:59:49 PM",0.1252,2,0,1,"Apr 9, 2023 11:00:58 AM",false,
Tuhfa Reading,893 556 039,"Dec 2, 2020 06:59:07 PM",219.1303,3,0,6,"Apr 9, 2023 10:57:54 AM",false,
Tuhfa Reading,893 556 039,"Nov 25, 2020 06:58:14 PM",173.5528,2,0,4,"Apr 9, 2023 10:57:56 AM",false,
Tuhfa Reading,893 556 039,"Nov 18, 2020 06:54:58 PM",131.5838,2,0,4,"Apr 9, 2023 10:57:57 AM",false,
Tuhfa Reading,893 556 039,"Nov 11, 2020 06:57:51 PM",158.9429,2,0,4,"Apr 9, 2023 10:57:58 AM",false,
Tuhfa Reading,893 556 039,"Nov 4, 2020 06:48:37 PM",43.0181,2,0,5,"Apr 9, 2023 10:58:00 AM",false,
Tuhfa Reading,893 556 039,"Oct 28, 2020 07:59:43 PM",118.2958,2,0,6,"Apr 9, 2023 10:58:02 AM",false,
Tuhfa Reading,893 556 039,"Oct 21, 2020 07:56:10 PM",167.5882,2,0,7,"Apr 9, 2023 10:58:03 AM",false,
Tuhfa Reading,893 556 039,"Oct 14, 2020 07:57:03 PM",85.8835,2,0,7,"Apr 9, 2023 10:58:05 AM",false,
Tuhfa Reading,893 556 039,"Oct 6, 2020 07:54:51 PM",146.0191,2,0,8,"Apr 9, 2023 10:58:10 AM",false,
Tuhfa Reading,893 556 039,"Oct 6, 2020 07:07:35 PM",0.0807,2,0,1,"Apr 9, 2023 10:58:08 AM",false,
Tuhfa Reading,893 556 039,"Oct 6, 2020 08:29:30 AM",0.0613,2,0,1,"Apr 9, 2023 10:58:11 AM",false,
Tuhfa Reading,893 556 039,"Sep 30, 2020 08:00:06 PM",71.0966,2,0,4,"Apr 9, 2023 10:58:13 AM",false,
Tuhfa Reading,893 556 039,"Sep 24, 2020 07:02:39 AM",0.2958,2,0,2,"Apr 9, 2023 10:58:20 AM",false,
Tuhfa Reading,893 556 039,"Sep 23, 2020 07:59:09 PM",85.8683,3,0,4,"Apr 9, 2023 10:58:21 AM",false,
Tuhfa Reading,893 556 039,"Sep 23, 2020 07:46:57 PM",0.0274,2,0,2,"Apr 9, 2023 10:58:28 AM",false,
Tuhfa Reading,893 556 039,"Sep 16, 2020 07:59:00 PM",73.5829,3,0,8,"Apr 9, 2023 10:57:15 AM",false,
Tuhfa Reading,893 556 039,"Sep 10, 2020 03:36:40 AM",0.0923,2,0,1,"Apr 9, 2023 10:57:16 AM",false,
Tuhfa Reading,893 556 039,"Sep 9, 2020 09:10:24 PM",0.0360,2,0,1,"Apr 9, 2023 10:57:18 AM",false,
Tuhfa Reading,893 556 039,"Sep 9, 2020 07:57:55 PM",1.3979,2,0,1,"Apr 9, 2023 10:57:19 AM",false,
Tuhfa Reading,893 556 039,"Sep 9, 2020 04:54:17 PM",3.7834,2,0,1,"Apr 9, 2023 10:57:20 AM",false,
Tuhfa Reading,893 556 039,"Sep 4, 2020 07:12:22 AM",0.3134,2,0,1,"Apr 9, 2023 10:57:22 AM",false,
Tuhfa Reading,893 556 039,"Sep 2, 2020 07:54:08 PM",81.5280,2,0,5,"Apr 9, 2023 10:57:24 AM",false,
Tuhfa Reading,893 556 039,"Aug 27, 2020 06:16:46 AM",0.4550,2,0,1,"Apr 9, 2023 10:57:26 AM",false,
Tuhfa Reading,893 556 039,"Aug 27, 2020 05:56:47 AM",2.1723,2,0,1,"Apr 9, 2023 10:57:27 AM",false,
Tuhfa Reading,893 556 039,"Aug 27, 2020 05:48:46 AM",0.5523,2,0,1,"Apr 9, 2023 10:57:30 AM",false,
Tuhfa Reading,893 556 039,"Aug 20, 2020 05:53:00 AM",14.0072,2,0,1,"Apr 9, 2023 10:57:32 AM",false,
Tuhfa Reading,893 556 039,"Aug 13, 2020 06:35:22 AM",0.1483,2,0,1,"Apr 9, 2023 10:57:34 AM",false,
Tuhfa Reading,893 556 039,"Aug 13, 2020 05:51:05 AM",1.8685,2,0,1,"Apr 9, 2023 10:57:35 AM",false,
Tuhfa Reading,893 556 039,"Aug 13, 2020 05:29:32 AM",0.0249,2,0,1,"Apr 9, 2023 10:57:44 AM",false,
Tuhfa Reading,893 556 039,"Aug 13, 2020 05:05:43 AM",0.0291,2,0,1,"Apr 9, 2023 10:57:47 AM",false,
Tuhfa Reading,893 556 039,"Aug 6, 2020 05:57:26 AM",71.2903,3,0,5,"Apr 9, 2023 10:56:47 AM",false,
Tuhfa Reading,893 556 039,"Aug 6, 2020 05:19:10 AM",0.0343,2,0,1,"Apr 9, 2023 10:56:48 AM",false,
Tuhfa Reading,893 556 039,"Jul 23, 2020 06:00:44 AM",58.1516,2,0,5,"Apr 9, 2023 10:56:50 AM",false,
Tuhfa Reading,893 556 039,"Jul 23, 2020 04:55:42 AM",0.6204,2,0,1,"Apr 9, 2023 10:56:51 AM",false,
Tuhfa Reading,893 556 039,"Jul 16, 2020 06:42:11 AM",2.3148,2,0,2,"Apr 9, 2023 10:56:56 AM",false,
Tuhfa Reading,893 556 039,"Jul 16, 2020 05:59:14 AM",6.7973,3,0,1,"Apr 9, 2023 10:56:54 AM",false,
Tuhfa Reading,893 556 039,"Jul 9, 2020 06:30:44 AM",6.2635,2,0,1,"Apr 9, 2023 10:56:57 AM",false,
Tuhfa Reading,893 556 039,"Jul 9, 2020 06:29:45 AM",0.0429,2,0,1,"Apr 9, 2023 10:56:59 AM",false,
Tuhfa Reading,893 556 039,"Jul 9, 2020 05:08:43 AM",12.9547,2,0,1,"Apr 9, 2023 10:57:00 AM",false,
Tuhfa Reading,893 556 039,"Jul 9, 2020 04:34:34 AM",0.0826,2,0,1,"Apr 9, 2023 10:57:02 AM",false,
Tuhfa Reading,893 556 039,"Jul 2, 2020 08:46:03 AM",0.0267,2,0,1,"Apr 9, 2023 10:57:04 AM",false,
Tuhfa Reading,893 556 039,"Jul 2, 2020 08:45:06 AM",0.1242,2,0,1,"Apr 9, 2023 10:57:05 AM",false,
Tuhfa Reading,893 556 039,"Jul 2, 2020 05:51:15 AM",66.1050,2,0,4,"Apr 9, 2023 10:57:07 AM",false,
Tuhfa Reading,893 556 039,"Jul 2, 2020 05:10:56 AM",0.0282,2,0,1,"Apr 9, 2023 10:57:08 AM",false,
Tuhfa Reading,893 556 039,"Jun 25, 2020 09:52:12 AM",6.2469,2,0,1,"Apr 9, 2023 10:57:10 AM",false,
Tuhfa Reading,893 556 039,"Jun 25, 2020 05:58:24 AM",77.5904,3,1,4,"Apr 9, 2023 10:56:06 AM",false,
Tuhfa Reading,893 556 039,"Jun 25, 2020 05:20:24 AM",0.0196,2,0,1,"Apr 9, 2023 10:56:08 AM",false,
Tuhfa Reading,893 556 039,"Jun 25, 2020 04:42:47 AM",0.1061,2,0,1,"Apr 9, 2023 10:56:09 AM",false,
Tuhfa Reading,893 556 039,"Jun 18, 2020 08:35:57 AM",0.0259,2,0,1,"Apr 9, 2023 10:56:11 AM",false,
Tuhfa Reading,893 556 039,"Jun 18, 2020 05:59:54 AM",72.5015,3,0,4,"Apr 9, 2023 10:56:13 AM",false,
Tuhfa Reading,893 556 039,"Jun 18, 2020 03:24:57 AM",20.9783,2,0,2,"Apr 9, 2023 10:56:15 AM",false,
Tuhfa Reading,893 556 039,"Jun 18, 2020 03:24:19 AM",0.0602,2,0,1,"Apr 9, 2023 10:56:16 AM",false,
Tuhfa Reading,893 556 039,"Jun 11, 2020 06:11:05 AM",0.0123,2,0,1,"Apr 9, 2023 10:56:18 AM",false,
Tuhfa Reading,893 556 039,"Jun 11, 2020 05:32:08 AM",0.0286,2,0,1,"Apr 9, 2023 10:56:20 AM",false,
Tuhfa Reading,893 556 039,"Jun 11, 2020 05:26:03 AM",0.0706,2,0,1,"Apr 9, 2023 10:56:21 AM",false,
Tuhfa Reading,893 556 039,"Jun 11, 2020 04:33:36 AM",0.1050,2,0,1,"Apr 9, 2023 10:56:26 AM",false,
Tuhfa Reading,893 556 039,"Jun 11, 2020 04:33:18 AM",0.0149,2,0,1,"Apr 9, 2023 10:56:28 AM",false,
Tuhfa Reading,893 556 039,"Jun 4, 2020 07:03:48 AM",0.0306,2,0,2,"Apr 9, 2023 10:56:34 AM",false,
Tuhfa Reading,893 556 039,"Jun 4, 2020 05:56:05 AM",14.8994,3,0,2,"Apr 9, 2023 10:56:36 AM",false,
Tuhfa Reading,893 556 039,"Jun 4, 2020 04:33:33 AM",0.0854,2,0,1,"Apr 9, 2023 10:56:38 AM",false,
Tuhfa Reading,893 556 039,"May 29, 2020 04:30:35 AM",3.4625,2,0,1,"Apr 9, 2023 10:52:45 AM",false,
Tuhfa Reading,893 556 039,"May 28, 2020 05:58:24 AM",6.0138,3,0,3,"Apr 9, 2023 10:52:52 AM",false,
Tuhfa Reading,893 556 039,"May 21, 2020 05:59:04 AM",53.8635,3,0,5,"Apr 9, 2023 10:53:14 AM",false,
Tuhfa Reading,893 556 039,"May 21, 2020 04:58:36 AM",0.0324,2,0,2,"Apr 9, 2023 10:53:16 AM",false,
Tuhfa Reading,893 556 039,"May 14, 2020 05:58:51 AM",91.3651,2,1,4,"Apr 9, 2023 10:53:18 AM",false,
Tuhfa Reading,893 556 039,"May 7, 2020 05:51:21 AM",57.1884,3,0,5,"Apr 9, 2023 10:53:22 AM",false,
Tuhfa Reading,893 556 039,"May 2, 2020 06:16:56 AM",61.5541,2,0,3,"Apr 9, 2023 09:46:00 AM",false,
Tuhfa Reading,893 556 039,"May 2, 2020 05:59:14 AM",10.6351,2,0,3,"Apr 9, 2023 10:53:23 AM",false,
Tuhfa Reading,893 556 039,"Apr 30, 2020 05:20:59 AM",70.1969,2,0,4,"Apr 9, 2023 10:53:27 AM",false,
Tuhfa Reading,893 556 039,"Apr 23, 2020 05:56:59 AM",69.0568,3,0,4,"Apr 9, 2023 10:53:33 AM",false,
Tuhfa Reading,893 556 039,"Apr 16, 2020 07:59:51 AM",76.1838,3,0,4,"Apr 9, 2023 10:53:34 AM",false,
Tuhfa Reading,893 556 039,"Apr 9, 2020 08:21:21 AM",72.3081,3,0,5,"Apr 9, 2023 10:53:36 AM",false,
Tuhfa Reading,893 556 039,"Apr 2, 2020 07:55:26 AM",27.4638,2,0,4,"Apr 9, 2023 10:53:37 AM",false,
Tuhfa Reading,893 556 039,"Mar 26, 2020 08:14:41 AM",80.1158,3,0,4,"Apr 9, 2023 10:53:38 AM",false,
Tuhfa Reading,893 556 039,"Mar 19, 2020 08:29:48 AM",87.1435,3,0,4,"Apr 9, 2023 10:53:40 AM",false,
Tuhfa Reading,893 556 039,"Mar 12, 2020 08:28:35 AM",65.8418,2,0,4,"Apr 9, 2023 10:42:28 AM",false,
Tuhfa Reading,893 556 039,"Mar 5, 2020 07:24:27 AM",81.6638,2,0,4,"Apr 9, 2023 10:42:30 AM",false,
Tuhfa Reading,893 556 039,"Feb 27, 2020 07:27:46 AM",42.7664,3,0,5,"Apr 9, 2023 10:42:33 AM",false,
Tuhfa Reading,893 556 039,"Feb 20, 2020 07:24:50 AM",63.1041,3,0,4,"Apr 9, 2023 10:42:34 AM",false,
Tuhfa Reading,893 556 039,"Jan 23, 2020 07:31:07 AM",35.0651,3,0,4,"Apr 9, 2023 10:42:36 AM",false,
Tuhfa Reading,893 556 039,"Jan 2, 2020 06:54:56 AM",63.9799,3,0,5,"Apr 9, 2023 10:42:38 AM",false,
Tuhfa Reading,893 556 039,"Dec 26, 2019 07:23:02 AM",67.2951,3,0,5,"Apr 9, 2023 10:42:40 AM",false,
Tuhfa Reading,893 556 039,"Dec 19, 2019 07:33:58 AM",58.3144,2,0,4,"Apr 9, 2023 10:42:41 AM",false,
Tuhfa Reading,893 556 039,"Dec 12, 2019 07:24:58 AM",72.0118,2,0,5,"Apr 9, 2023 10:42:43 AM",false,
Tuhfa Reading,893 556 039,"Nov 28, 2019 07:11:37 AM",53.1598,3,0,5,"Apr 9, 2023 10:42:45 AM",false,
Tuhfa Reading,893 556 039,"Nov 21, 2019 07:06:52 AM",79.4465,2,0,4,"Apr 9, 2023 10:42:47 AM",false,
Tuhfa Reading,893 556 039,"Nov 14, 2019 06:55:56 AM",57.1839,3,0,4,"Apr 9, 2023 10:42:49 AM",false,
Tuhfa Reading,893 556 039,"Nov 7, 2019 07:13:07 AM",76.6499,3,3,4,"Apr 9, 2023 10:42:51 AM",false,
Tuhfa Reading,893 556 039,"Oct 31, 2019 08:30:02 AM",67.1758,3,1,4,"Apr 9, 2023 10:42:52 AM",false,
Tuhfa Reading,893 556 039,"Oct 10, 2019 08:30:06 AM",50.6984,2,0,5,"Apr 9, 2023 10:42:54 AM",false,
Tuhfa Reading,893 556 039,"Oct 3, 2019 08:25:50 AM",58.2685,3,0,4,"Apr 9, 2023 10:41:34 AM",false,
Tuhfa Reading,893 556 039,"Sep 26, 2019 08:29:25 AM",90.5527,2,0,4,"Apr 9, 2023 10:41:36 AM",false,
Tuhfa Reading,893 556 039,"Sep 12, 2019 08:27:20 AM",60.3640,3,0,4,"Apr 9, 2023 10:41:38 AM",false,
Tuhfa Reading,893 556 039,"Sep 5, 2019 08:31:18 AM",47.7617,3,0,4,"Apr 9, 2023 10:41:39 AM",false,
Tuhfa Reading,893 556 039,"Aug 29, 2019 08:30:06 AM",76.7613,3,0,5,"Apr 9, 2023 10:41:40 AM",false,
Tuhfa Reading,893 556 039,"Aug 22, 2019 08:30:07 AM",92.1730,3,0,4,"Apr 9, 2023 10:41:42 AM",false,
Tuhfa Reading,893 556 039,"Aug 8, 2019 08:25:26 AM",77.0535,3,0,4,"Apr 9, 2023 10:41:43 AM",false,
Tuhfa Reading,893 556 039,"Aug 1, 2019 07:50:02 AM",60.1114,3,1,4,"Apr 9, 2023 10:41:44 AM",false,
Tuhfa Reading,893 556 039,"Jul 25, 2019 07:55:13 AM",71.0375,3,0,4,"Apr 9, 2023 10:41:46 AM",false,
Tuhfa Reading,893 556 039,"Jul 18, 2019 08:20:39 AM",64.3671,3,0,4,"Apr 9, 2023 10:41:47 AM",false,
Tuhfa Reading,893 556 039,"Jul 11, 2019 08:24:51 AM",63.3434,3,0,4,"Apr 9, 2023 10:41:50 AM",false,
Tuhfa Reading,893 556 039,"Jun 27, 2019 07:00:34 AM",42.4173,3,0,4,"Apr 9, 2023 10:41:51 AM",false,
Tuhfa Reading,893 556 039,"Jun 20, 2019 07:00:00 AM",62.4184,2,0,6,"Apr 9, 2023 10:41:53 AM",false,
Tuhfa Reading,893 556 039,"May 16, 2019 06:49:40 AM",56.2444,3,0,4,"Apr 9, 2023 10:41:55 AM",false,
Tuhfa Reading,893 556 039,"May 9, 2019 07:01:56 AM",47.1617,3,0,4,"Apr 9, 2023 10:42:04 AM",false,
Tuhfa Reading,893 556 039,"May 2, 2019 06:57:36 AM",50.8566,3,1,5,"Apr 9, 2023 10:39:55 AM",false,
Tuhfa Reading,893 556 039,"Apr 25, 2019 06:53:29 AM",58.6254,3,0,5,"Apr 9, 2023 10:39:52 AM",false,
Tuhfa Reading,893 556 039,"Apr 18, 2019 05:58:04 AM",102.2346,3,0,4,"Apr 9, 2023 10:39:51 AM",false,
Tuhfa Reading,893 556 039,"Apr 4, 2019 07:36:51 AM",59.6175,2,0,4,"Apr 9, 2023 10:39:49 AM",false,
Tuhfa Reading,893 556 039,"Apr 4, 2019 06:55:11 AM",8.0231,3,0,3,"Apr 9, 2023 10:39:47 AM",false,
Tuhfa Reading,862 029 727,"Mar 21, 2019 06:53:44 AM",26.5675,3,0,4,"Apr 9, 2023 10:39:46 AM",false,
Tuhfa Reading,862 029 727,"Mar 14, 2019 06:55:24 AM",70.3032,3,0,4,"Apr 9, 2023 10:39:44 AM",false,
Tuhfa Reading,862 029 727,"Mar 7, 2019 05:50:00 AM",57.4112,3,0,5,"Apr 9, 2023 10:39:43 AM",false,
Tuhfa Reading,862 029 727,"Feb 28, 2019 05:55:37 AM",73.6893,3,0,3,"Apr 9, 2023 10:39:38 AM",false,
